package_name,component,application_or_service,repo,openstack_release,2018.4.0,2018.11.0,2019.2.0,2019.2.1,2019.2.2
accountsservice,,,,,,,,,
acl,,,,,,,,,
acpid,,,,,,,,,
adduser,,,,,,,,,
alembic,,,,,,,,,
amd64-microcode,,,,,,,,,
apache2,System,WebCGI,,,,,,,
apache2-bin,System,WebCGI,,,,,,,
apache2-data,System,WebCGI,,,,,,,
apache2-utils,System,WebCGI,,,,,,,
apparmor,System,Virtualization,,,,,,,
apport,,,,,,,,,
apport-symptoms,,,,,,,,,
apt,DriveTrain,Aptly,mirantis,,,,,,
apt-transport-https,DriveTrain,Aptly,mirantis,,,,,,
apt-utils,DriveTrain,Aptly,mirantis,,,,,,
archdetect-deb,,,,,,,,,
at,,,,,,,,,
attr,,,,,,,,,
augeas-lenses,,,,,,,,,
authbind,,,,,,,,,
avahi-daemon,,,,,,,,,
avahi-utils,,,,,,,,,
backupninja,,,,,,,,,
base-files,,,,,,,,,
base-passwd,,,,,,,,,
bash,System,Shell,,,,,,,
bash-completion,System,Shell,,,,,,,
bc,,,,,,,,,
bcache-tools,,,,,,,,,
bind9,,,,,,,,,
bind9-host,,,,,,,,,
bind9utils,,,,,,,,,
binutils,,,,,,,,,
bridge-utils,,,,,,,,,
bsd-mailx,,,,,,,,,
bsdmainutils,,,,,,,,,
bsdutils,,,,,,,,,
btrfs-tools,,,,,,,,,
busybox-initramfs,,,,,,,,,
busybox-static,,,,,,,,,
byobu,System,Shell,,,,,,,
bzip2,,,,,,,,,
ca-certificates,System,SSL,,,,,,,
ca-certificates-java,System,SSL,,,,,,,
ceph-base,Distributed storage,Ceph,mirantis,,,12.2.8-1~u16.04+mcp142,12.2.8-1~u16.04+mcp142,,
ceph-common,Distributed storage,Ceph,mirantis,,,12.2.8-1~u16.04+mcp142,12.2.8-1~u16.04+mcp142,,
ceph-mgr,Distributed storage,Ceph,mirantis,,,12.2.8-1~u16.04+mcp142,12.2.8-1~u16.04+mcp142,,
ceph-mon,Distributed storage,Ceph,mirantis,,,12.2.8-1~u16.04+mcp142,12.2.8-1~u16.04+mcp142,,
ceph-osd,Distributed storage,Ceph,mirantis,,,12.2.8-1~u16.04+mcp142,12.2.8-1~u16.04+mcp142,,
cinder-common,OpenStack,Cinder,mirantis,Queens,,12.0.4-2~u16.04+mcp69,2:12.0.4-2~u16.04+mcp96 [5],,
cinder-scheduler,OpenStack,Cinder,mirantis,Queens,,12.0.4-2~u16.04+mcp69,2:12.0.4-2~u16.04+mcp96 [5],,
cinder-volume,OpenStack,Cinder,mirantis,Queens,,12.0.4-2~u16.04+mcp69,2:12.0.4-2~u16.04+mcp96 [5],,
cloud-guest-utils,,,,,,,,,
cloud-initramfs-copymods,,,,,,,,,
cloud-initramfs-dyn-netconf,,,,,,,,,
command-not-found,,,,,,,,,
command-not-found-data,,,,,,,,,
conntrack,,,,,,,,,
console-setup,,,,,,,,,
console-setup-linux,,,,,,,,,
coreutils,,,,,,,,,
cpio,,,,,,,,,
crda,,,,,,,,,
cron,,,,,,,,,
cryptsetup,,,,,,,,,
cryptsetup-bin,,,,,,,,,
curl,,,,,,,,,
curtin-common,,,,,,,,,
daemon,,,,,,,,,
dash,,,,,,,,,
dbconfig-common,,,,,,,,,
dbconfig-pgsql,,,,,,,,,
dbus,,,,,,,,,
dctrl-tools,,,,,,,,,
debconf,,,,,,,,,
debconf-i18n,,,,,,,,,
debconf-utils,,,,,,,,,
debianutils,,,,,,,,,
debootstrap,,,,,,,,,
default-jre-headless,,,,,,,,,
dh-python,,,,,,,,,
dialog,,,,,,,,,
diffutils,,,,,,,,,
distro-info,,,,,,,,,
distro-info-data,,,,,,,,,
dmeventd,,,,,,,,,
dmidecode,,,,,,,,,
dmsetup,,,,,,,,,
dns-root-data,,,,,,,,,
dnsmasq-base,System,Networking,,,,,,,
dnsmasq-utils,System,Networking,,,,,,,
dnsutils,System,Networking,,,,,,,
docker-ce,System,Docker,mirror,,,18.06.1,5:18.09.0~3-0~ubuntu-xenial,,
docutils-common,,,,,,,,,
dosfstools,,,,,,,,,
dpkg,System,Packaging,,,,,,,
dpkg-dev,System,Packaging,,,,,,,
e2fslibs,,,,,,,,,
e2fsprogs,,,,,,,,,
eatmydata,,,,,,,,,
ebtables,,,,,,,,,
ed,,,,,,,,,
eject,,,,,,,,,
elasticsearch,StackLight LMA,Elasticsearch,mirror,,,5.6.12,6.5.2,,
elasticsearch-curator,StackLight LMA,Elasticsearch,,,,,,,
erlang-asn1,System,Erlang,,,,,,,
erlang-base-hipe,System,Erlang,,,,,,,
erlang-corba,System,Erlang,,,,,,,
erlang-crypto,System,Erlang,,,,,,,
erlang-diameter,System,Erlang,,,,,,,
erlang-edoc,System,Erlang,,,,,,,
erlang-eldap,System,Erlang,,,,,,,
erlang-erl-docgen,System,Erlang,,,,,,,
erlang-eunit,System,Erlang,,,,,,,
erlang-ic,System,Erlang,,,,,,,
erlang-inets,System,Erlang,,,,,,,
erlang-mnesia,System,Erlang,,,,,,,
erlang-nox,System,Erlang,,,,,,,
erlang-odbc,System,Erlang,,,,,,,
erlang-os-mon,System,Erlang,,,,,,,
erlang-parsetools,System,Erlang,,,,,,,
erlang-public-key,System,Erlang,,,,,,,
erlang-runtime-tools,System,Erlang,,,,,,,
erlang-snmp,System,Erlang,,,,,,,
erlang-ssh,System,Erlang,,,,,,,
erlang-ssl,System,Erlang,,,,,,,
erlang-syntax-tools,System,Erlang,,,,,,,
erlang-tools,System,Erlang,,,,,,,
erlang-xmerl,System,Erlang,,,,,,,
ethtool,,,,,,,,,
extlinux,,,,,,,,,
fcgiwrap,,,,,,,,,
file,,,,,,,,,
findutils,,,,,,,,,
fontconfig,,,,,,,,,
fontconfig-config,,,,,,,,,
fonts-dejavu-core,,,,,,,,,
fonts-font-awesome,,,,,,,,,
fonts-lato,,,,,,,,,
fonts-materialdesignicons-webfont,,,,,,,,,
fonts-roboto-fontface,,,,,,,,,
fonts-ubuntu-font-family-console,,,,,,,,,
formencode-i18n,,,,,,,,,
freeipmi-common,,,,,,,,,
freeipmi-tools,,,,,,,,,
friendly-recovery,,,,,,,,,
ftp,,,,,,,,,
fuse,,,,,,,,,
galera-3,System,Galera,mirror,,,25.3.14,25.3.14,,
gawk,,,,,,,,,
gcc-5-base,System,Compilers,,,,,,,
gcc-6-base,System,Compilers,,,,,,,
gdb,,,,,,,,,
gdisk,,,,,,,,,
genisoimage,,,,,,,,,
geoip-database,,,,,,,,,
gettext-base,,,,,,,,,
gir1.2-glib-2.0,,,,,,,,,
git,System,Git,mirror,,,2.7.4,2.7.4,,
git-core,System,Git,mirror,,,2.7.4,2.7.4,,
git-man,System,Git,mirror,,,2.7.4,2.7.4,,
glance,OpenStack,Glance,mirantis,Queens,,16.0.1-2~u16.04+mcp21,2:16.0.1-2~u16.04+mcp23,,
glance-api,OpenStack,Glance,mirantis,Queens,,16.0.1-2~u16.04+mcp21,2:16.0.1-2~u16.04+mcp23,,
glance-common,OpenStack,Glance,mirantis,Queens,,16.0.1-2~u16.04+mcp21,2:16.0.1-2~u16.04+mcp23,,
glance-registry,OpenStack,Glance,mirantis,Queens,,16.0.1-2~u16.04+mcp21,2:16.0.1-2~u16.04+mcp23,,
glance-store-common,OpenStack,Glance,,,,,,,
glusterfs-client,System,GlusterFS,mirror,,,3.8.15,3.8.15,,
glusterfs-common,System,GlusterFS,mirror,,,3.8.15,3.8.15,,
glusterfs-server,System,GlusterFS,mirror,,,3.8.15,3.8.15,,
gnupg,,,,,,,,,
gpgv,,,,,,,,,
grep,,,,,,,,,
groff-base,,,,,,,,,
grub-common,,,,,,,,,
grub-gfxpayload-lists,,,,,,,,,
grub-legacy-ec2,,,,,,,,,
grub-pc,,,,,,,,,
grub-pc-bin,,,,,,,,,
grub2-common,,,,,,,,,
gzip,,,,,,,,,
haproxy,System,HAProxy,mirror,,,1.6.3,1.6.3,,
haveged,,,,,,,,,
hdparm,,,,,,,,,
heat-api,OpenStack,Heat,mirantis,Queens,,10.0.2-1.0~u16.04+mcp37,1:10.0.2-1.0~u16.04+mcp54 [5],,
heat-api-cfn,OpenStack,Heat,mirantis,Queens,,10.0.2-1.0~u16.04+mcp37,1:10.0.2-1.0~u16.04+mcp54 [5],,
heat-common,OpenStack,Heat,mirantis,Queens,,10.0.2-1.0~u16.04+mcp37,1:10.0.2-1.0~u16.04+mcp54 [5],,
heat-engine,OpenStack,Heat,mirantis,Queens,,10.0.2-1.0~u16.04+mcp37,1:10.0.2-1.0~u16.04+mcp54 [5],,
hostname,,,,,,,,,
htop,,,,,,,,,
ieee-data,,,,,,,,,
ifenslave,,,,,,,,,
ifenslave-2.6,,,,,,,,,
ifupdown,,,,,,,,,
info,,,,,,,,,
init,,,,,,,,,
init-system-helpers,,,,,,,,,
initramfs-tools,,,,,,,,,
initramfs-tools-bin,,,,,,,,,
initramfs-tools-core,,,,,,,,,
initscripts,,,,,,,,,
insserv,,,,,,,,,
install-info,,,,,,,,,
intel-microcode,,,,,,,,,
iperf,,,,,,,,,
iperf3,,,,,,,,,
ipmitool,,,,,,,,,
iproute2,,,,,,,,,
ipset,,,,,,,,,
iptables,System,Firewall,,,,,,,
iptables-persistent,System,Firewall,,,,,,,
iputils-arping,,,,,,,,,
iputils-ping,,,,,,,,,
iputils-tracepath,,,,,,,,,
ipxe-qemu,,,,,,,,,
ipxe-qemu-256k-compat-efi-roms,,,,,,,,,
irqbalance,,,,,,,,,
isc-dhcp-client,,,,,,,,,
isc-dhcp-common,,,,,,,,,
isc-dhcp-server,,,,,,,,,
isdct,,,,,,,,,
iso-codes,,,,,,,,,
iucode-tool,,,,,,,,,
iw,,,,,,,,,
java-common,,,,,,,,,
javascript-common,,,,,,,,,
jeepyb,,,,,,,,,
jenkins,,,,,,,,,
jq,,,,,,,,,
kbd,,,,,,,,,
keepalived,,,,,,,,,
keyboard-configuration,,,,,,,,,
keystone,OpenStack,Keystone,mirantis,Queens,,13.0.1-3~u16.04+mcp18,2:13.0.2-3~u16.04+mcp15,,
kibana,StackLight LMA,Kibana,mirror,,,5.6.12,6.5.2,,
klibc-utils,,,,,,,,,
kmod,,,,,,,,,
kpartx,,,,,,,,,
krb5-locales,,,,,,,,,
language-selector-common,,,,,,,,,
ldap-utils,,,,,,,,,
ledmon,,,,,,,,,
less,,,,,,,,,
libaccountsservice0,,,,,,,,,
libacl1,,,,,,,,,
libacl1-dev,,,,,,,,,
libaio1,,,,,,,,,
libapache2-mod-wsgi,,,,,,,,,
libapparmor-perl,System,Virtualization,,,,,,,
libapparmor1,System,Virtualization,,,,,,,
libapr1,,,,,,,,,
libaprutil1,,,,,,,,,
libaprutil1-dbd-sqlite3,,,,,,,,,
libaprutil1-ldap,,,,,,,,,
libapt-inst2.0,,,,,,,,,
libapt-pkg5.0,,,,,,,,,
libasn1-8-heimdal,,,,,,,,,
libasound2,,,,,,,,,
libasound2-data,,,,,,,,,
libasprintf0v5,,,,,,,,,
libasyncns0,,,,,,,,,
libatk1.0-0,,,,,,,,,
libatk1.0-data,,,,,,,,,
libatm1,,,,,,,,,
libattr1,,,,,,,,,
libattr1-dev,,,,,,,,,
libaudit-common,,,,,,,,,
libaudit1,,,,,,,,,
libaugeas0,,,,,,,,,
libavahi-client3,,,,,,,,,
libavahi-common-data,,,,,,,,,
libavahi-common3,,,,,,,,,
libavahi-core7,,,,,,,,,
libbabeltrace-ctf1,,,,,,,,,
libbabeltrace1,,,,,,,,,
libbind9-140,,,,,,,,,
libblas-common,,,,,,,,,
libblas3,,,,,,,,,
libblkid1,,,,,,,,,
libbluetooth3,,,,,,,,,
libboost-filesystem1.58.0,,,,,,,,,
libboost-iostreams1.58.0,,,,,,,,,
libboost-program-options1.58.0,,,,,,,,,
libboost-random1.58.0,,,,,,,,,
libboost-system1.58.0,,,,,,,,,
libboost-thread1.58.0,,,,,,,,,
libbrlapi0.6,,,,,,,,,
libbsd0,,,,,,,,,
libbz2-1.0,,,,,,,,,
libc-bin,,,,,,,,,
libc-dev-bin,,,,,,,,,
libc6,,,,,,,,,
libc6-dev,,,,,,,,,
libcaca0,,,,,,,,,
libcacard0,,,,,,,,,
libcairo2,,,,,,,,,
libcap-ng0,,,,,,,,,
libcap2,,,,,,,,,
libcap2-bin,,,,,,,,,
libcephfs2,Distributed storage,Ceph,mirantis,,,12.2.8-1~u16.04+mcp142,12.2.8-1~u16.04+mcp142,,
libcomerr2,,,,,,,,,
libconfig-general-perl,,,,,,,,,
libcryptsetup4,,,,,,,,,
libcups2,,,,,,,,,
libcurl3,,,,,,,,,
libcurl3-gnutls,,,,,,,,,
libdaemon0,,,,,,,,,
libdatrie1,,,,,,,,,
libdb5.3,,,,,,,,,
libdbd-mysql,,,,,,,,,
libdbd-mysql-perl,,,,,,,,,
libdbi-perl,,,,,,,,,
libdbi1,,,,,,,,,
libdbus-1-3,,,,,,,,,
libdbus-glib-1-2,,,,,,,,,
libdebconfclient0,,,,,,,,,
libdebian-installer4,,,,,,,,,
libdevmapper-event1.02.1,,,,,,,,,
libdevmapper1.02.1,,,,,,,,,
libdns-export162,,,,,,,,,
libdns162,,,,,,,,,
libdpkg-perl,,,,,,,,,
libdrm-amdgpu1,,,,,,,,,
libdrm-common,,,,,,,,,
libdrm-intel1,,,,,,,,,
libdrm-nouveau2,,,,,,,,,
libdrm-radeon1,,,,,,,,,
libdrm2,,,,,,,,,
libdumbnet1,,,,,,,,,
libeatmydata1,,,,,,,,,
libecap3,,,,,,,,,
libedit2,,,,,,,,,
libelf1,,,,,,,,,
liberror-perl,,,,,,,,,
libestr0,,,,,,,,,
libev4,,,,,,,,,
libevent-2.0-5,,,,,,,,,
libexpat1,,,,,,,,,
libfcgi0ldbl,,,,,,,,,
libfdisk1,,,,,,,,,
libfdt1,,,,,,,,,
libffi6,,,,,,,,,
libflac8,,,,,,,,,
libfontconfig1,,,,,,,,,
libfreeipmi16,,,,,,,,,
libfreetype6,,,,,,,,,
libfribidi0,,,,,,,,,
libfuse2,,,,,,,,,
libgcc1,,,,,,,,,
libgcrypt20,,,,,,,,,
libgd3,,,,,,,,,
libgdbm3,,,,,,,,,
libgdk-pixbuf2.0-0,,,,,,,,,
libgdk-pixbuf2.0-common,,,,,,,,,
libgeoip1,,,,,,,,,
libgfortran3,,,,,,,,,
libgif7,,,,,,,,,
libgirepository-1.0-1,,,,,,,,,
libgl1-mesa-dri,,,,,,,,,
libgl1-mesa-glx,,,,,,,,,
libglapi-mesa,,,,,,,,,
libglib2.0-0,,,,,,,,,
libglib2.0-data,,,,,,,,,
libgmp10,,,,,,,,,
libgnutls-openssl27,,,,,,,,,
libgnutls30,,,,,,,,,
libgoogle-perftools4,,,,,,,,,
libgpg-error0,,,,,,,,,
libgpm2,,,,,,,,,
libgraphite2-3,,,,,,,,,
libgssapi-krb5-2,,,,,,,,,
libgssapi3-heimdal,,,,,,,,,
libgtk2.0-0,,,,,,,,,
libgtk2.0-common,,,,,,,,,
libguestfs0,,,,,,,,,
libharfbuzz0b,,,,,,,,,
libhavege1,,,,,,,,,
libhcrypto4-heimdal,,,,,,,,,
libheimbase1-heimdal,,,,,,,,,
libheimntlm0-heimdal,,,,,,,,,
libhivex0,,,,,,,,,
libhogweed4,,,,,,,,,
libhx509-5-heimdal,,,,,,,,,
libibverbs1,,,,,,,,,
libicu55,,,,,,,,,
libidn11,,,,,,,,,
libiperf0,,,,,,,,,
libipmiconsole2,,,,,,,,,
libipmidetect0,,,,,,,,,
libipset3,,,,,,,,,
libirs-export141,,,,,,,,,
libirs141,,,,,,,,,
libisc-export160,,,,,,,,,
libisc160,,,,,,,,,
libisccc140,,,,,,,,,
libisccfg-export140,,,,,,,,,
libisccfg140,,,,,,,,,
libiscsi2,,,,,,,,,
libjansson4,,,,,,,,,
libjbig0,,,,,,,,,
libjpeg-turbo8,,,,,,,,,
libjpeg8,,,,,,,,,
libjs-angular-file-upload,System,Web,,,,,,,
libjs-angular-gettext,System,Web,,,,,,,
libjs-angularjs,System,Web,,,,,,,
libjs-angularjs-smart-table,System,Web,,,,,,,
libjs-bootswatch,System,Web,,,,,,,
libjs-d3,System,Web,,,,,,,
libjs-jquery,System,Web,,,,,,,
libjs-jquery-cookie,System,Web,,,,,,,
libjs-jquery-metadata,System,Web,,,,,,,
libjs-jquery-tablesorter,System,Web,,,,,,,
libjs-jquery-ui,System,Web,,,,,,,
libjs-jquery.quicksearch,System,Web,,,,,,,
libjs-jsencrypt,System,Web,,,,,,,
libjs-lrdragndrop,System,Web,,,,,,,
libjs-magic-search,System,Web,,,,,,,
libjs-modernizr,System,Web,,,,,,,
libjs-rickshaw,System,Web,,,,,,,
libjs-sphinxdoc,System,Web,,,,,,,
libjs-spin.js,System,Web,,,,,,,
libjs-swfobject,System,Web,,,,,,,
libjs-term.js,System,Web,,,,,,,
libjs-twitter-bootstrap,System,Web,,,,,,,
libjs-twitter-bootstrap-datepicker,System,Web,,,,,,,
libjs-underscore,System,Web,,,,,,,
libjs-yui3-common,System,Web,,,,,,,
libjs-yui3-full,System,Web,,,,,,,
libjs-yui3-min,System,Web,,,,,,,
libjson-c2,,,,,,,,,
libk5crypto3,,,,,,,,,
libkeyutils1,,,,,,,,,
libklibc,,,,,,,,,
libkmod2,,,,,,,,,
libkrb5-26-heimdal,,,,,,,,,
libkrb5-3,,,,,,,,,
libkrb5support0,,,,,,,,,
liblapack3,,,,,,,,,
liblcms2-2,,,,,,,,,
libldap-2.4-2,,,,,,,,,
libleveldb1v5,,,,,,,,,
libllvm6.0,,,,,,,,,
liblocale-gettext-perl,,,,,,,,,
liblockfile-bin,,,,,,,,,
liblockfile1,,,,,,,,,
libltdl7,,,,,,,,,
liblttng-ust-ctl2,,,,,,,,,
liblttng-ust0,,,,,,,,,
liblua5.1-0,,,,,,,,,
liblua5.2-0,,,,,,,,,
liblua5.3-0,,,,,,,,,
liblvm2app2.2,,,,,,,,,
liblvm2cmd2.02,,,,,,,,,
liblwres141,,,,,,,,,
liblxc1,,,,,,,,,
liblz4-1,,,,,,,,,
liblzma5,,,,,,,,,
liblzo2-2,,,,,,,,,
libmagic1,,,,,,,,,
libmnl0,,,,,,,,,
libmount1,,,,,,,,,
libmpdec2,,,,,,,,,
libmpfr4,,,,,,,,,
libmspack0,,,,,,,,,
libmysqlclient-dev,,,,,,,,,
libmysqlclient20,,,,,,,,,
libncurses5,,,,,,,,,
libncursesw5,,,,,,,,,
libnetcf1,,,,,,,,,
libnetfilter-conntrack3,,,,,,,,,
libnettle6,,,,,,,,,
libnewt0.52,,,,,,,,,
libnfnetlink0,,,,,,,,,
libnih1,,,,,,,,,
libnl-3-200,,,,,,,,,
libnl-genl-3-200,,,,,,,,,
libnl-route-3-200,,,,,,,,,
libnspr4,,,,,,,,,
libnss3,,,,,,,,,
libnss3-nssdb,,,,,,,,,
libnuma1,,,,,,,,,
libodbc1,,,,,,,,,
libogg0,,,,,,,,,
libonig2,,,,,,,,,
libopenipmi0,,,,,,,,,
libopts25,,,,,,,,,
libopus0,,,,,,,,,
libp11-kit0,,,,,,,,,
libpam-modules,,,,,,,,,
libpam-modules-bin,,,,,,,,,
libpam-runtime,,,,,,,,,
libpam-systemd,,,,,,,,,
libpam0g,,,,,,,,,
libpango-1.0-0,,,,,,,,,
libpangocairo-1.0-0,,,,,,,,,
libpangoft2-1.0-0,,,,,,,,,
libparted2,,,,,,,,,
libpcap0.8,,,,,,,,,
libpci3,,,,,,,,,
libpciaccess0,,,,,,,,,
libpcre3,,,,,,,,,
libpcrecpp0v5,,,,,,,,,
libpcsclite1,,,,,,,,,
libperl5.22,,,,,,,,,
libpipeline1,,,,,,,,,
libpixman-1-0,,,,,,,,,
libplymouth4,,,,,,,,,
libpng12-0,,,,,,,,,
libpolkit-agent-1-0,,,,,,,,,
libpolkit-backend-1-0,,,,,,,,,
libpolkit-gobject-1-0,,,,,,,,,
libpopt0,,,,,,,,,
libpq5,,,,,,,,,
libprocps4,,,,,,,,,
libpulse0,,,,,,,,,
libpython-stdlib,System,Python,,,,,,,
libpython2.7,System,Python,,,,,,,
libpython2.7-minimal,System,Python,,,,,,,
libpython2.7-stdlib,System,Python,,,,,,,
libpython3-stdlib,System,Python,,,,,,,
libpython3.5,System,Python,,,,,,,
libpython3.5-minimal,System,Python,,,,,,,
libpython3.5-stdlib,System,Python,,,,,,,
libquadmath0,,,,,,,,,
librados2,Distributed storage,Ceph,mirantis,,,12.2.8-1~u16.04+mcp142,12.2.8-1~u16.04+mcp142,,
libradosstriper1,Distributed storage,Ceph,mirantis,,,12.2.8-1~u16.04+mcp142,12.2.8-1~u16.04+mcp142,,
librbd1,Distributed storage,Ceph,mirantis,,,12.2.8-1~u16.04+mcp142,12.2.8-1~u16.04+mcp142,,
librdmacm1,,,,,,,,,
libreadline5,,,,,,,,,
libreadline6,,,,,,,,,
librgw2,Distributed storage,Ceph,mirantis,,,12.2.8-1~u16.04+mcp142,12.2.8-1~u16.04+mcp142,,
libroken18-heimdal,,,,,,,,,
librtmp1,,,,,,,,,
libruby2.3,,,,,,,,,
libsasl2-2,,,,,,,,,
libsasl2-modules,,,,,,,,,
libsasl2-modules-db,,,,,,,,,
libsdl1.2debian,,,,,,,,,
libseccomp2,,,,,,,,,
libselinux1,,,,,,,,,
libsemanage-common,,,,,,,,,
libsemanage1,,,,,,,,,
libsensors4,,,,,,,,,
libsepol1,,,,,,,,,
libsgutils2-2,,,,,,,,,
libsigsegv2,,,,,,,,,
libslang2,,,,,,,,,
libsmartcols1,,,,,,,,,
libsnappy1v5,,,,,,,,,
libsndfile1,,,,,,,,,
libsnmp-base,,,,,,,,,
libsnmp30,,,,,,,,,
libsodium18,,,,,,,,,
libspice-server1,,,,,,,,,
libsqlite3-0,,,,,,,,,
libss2,,,,,,,,,
libssh2-1,,,,,,,,,
libssl1.0.0,,,,,,,,,
libstdc++6,,,,,,,,,
libsubunit-perl,,,,,,,,,
libsysfs2,,,,,,,,,
libsystemd0,,,,,,,,,
libtasn1-6,,,,,,,,,
libtcl8.6,,,,,,,,,
libtcmalloc-minimal4,,,,,,,,,
libtext-charwidth-perl,,,,,,,,,
libtext-iconv-perl,,,,,,,,,
libtext-wrapi18n-perl,,,,,,,,,
libthai-data,,,,,,,,,
libthai0,,,,,,,,,
libtiff5,,,,,,,,,
libtinfo5,,,,,,,,,
libudev1,,,,,,,,,
libunwind8,,,,,,,,,
liburcu4,,,,,,,,,
libusb-0.1-4,,,,,,,,,
libusb-1.0-0,,,,,,,,,
libusbredirparser1,,,,,,,,,
libustr-1.0-1,,,,,,,,,
libutempter0,,,,,,,,,
libuuid1,,,,,,,,,
libv8-3.14.5,,,,,,,,,
libvirt-bin,Hypervisors,libvirt,mirantis,,,4.0.0-1.7~u16.04+mcp3,4.0.0-1.8.5~u16.04+mcp1,,
libvirt-clients,Hypervisors,libvirt,mirantis,,,4.0.0-1.7~u16.04+mcp3,4.0.0-1.8.5~u16.04+mcp1,,
libvirt-daemon,Hypervisors,libvirt,mirantis,,,4.0.0-1.7~u16.04+mcp3,4.0.0-1.8.5~u16.04+mcp1,,
libvirt-daemon-system,Hypervisors,libvirt,mirantis,,,4.0.0-1.7~u16.04+mcp3,4.0.0-1.8.5~u16.04+mcp1,,
libvirt-dev,Hypervisors,libvirt,mirantis,,,4.0.0-1.7~u16.04+mcp3,4.0.0-1.8.5~u16.04+mcp1,,
libvirt-exporter,Hypervisors,libvirt,,,,,,,
libvirt0,Hypervisors,libvirt,mirantis,,,4.0.0-1.7~u16.04+mcp3,4.0.0-1.8.5~u16.04+mcp1,,
libvorbis0a,,,,,,,,,
libvorbisenc2,,,,,,,,,
libvpx3,,,,,,,,,
libwind0-heimdal,,,,,,,,,
libwrap0,,,,,,,,,
libx11-6,,,,,,,,,
libx11-data,,,,,,,,,
libx11-xcb1,,,,,,,,,
libxau6,,,,,,,,,
libxcb-dri2-0,,,,,,,,,
libxcb-dri3-0,,,,,,,,,
libxcb-glx0,,,,,,,,,
libxcb-present0,,,,,,,,,
libxcb-render0,,,,,,,,,
libxcb-shm0,,,,,,,,,
libxcb-sync1,,,,,,,,,
libxcb1,,,,,,,,,
libxcomposite1,,,,,,,,,
libxcursor1,,,,,,,,,
libxdamage1,,,,,,,,,
libxdmcp6,,,,,,,,,
libxen-4.6,,,,,,,,,
libxen-dev,,,,,,,,,
libxenstore3.0,,,,,,,,,
libxext6,,,,,,,,,
libxfixes3,,,,,,,,,
libxi6,,,,,,,,,
libxinerama1,,,,,,,,,
libxml2,,,,,,,,,
libxmlsec1,,,,,,,,,
libxmlsec1-openssl,,,,,,,,,
libxmuu1,,,,,,,,,
libxpm4,,,,,,,,,
libxrandr2,,,,,,,,,
libxrender1,,,,,,,,,
libxshmfence1,,,,,,,,,
libxslt1.1,,,,,,,,,
libxtables11,,,,,,,,,
libxtst6,,,,,,,,,
libxxf86vm1,,,,,,,,,
libyajl2,,,,,,,,,
libyaml-0-2,,,,,,,,,
libyaml-cpp0.5v5,,,,,,,,,
libzmq5,,,,,,,,,
linux-base,System,Base OS,,,,,,,
linux-firmware,System,Base OS,,,,,,,
linux-generic-hwe-16.04,System,Base OS,mirror,,,4.15.0.36.59,4.15.0.43.64,,
linux-headers-4.15.0-36,System,Base OS,,,,,,,
linux-headers-4.15.0-36-generic,System,Base OS,,,,,,,
linux-headers-4.15.0-43,System,Base OS,,,,,,,
linux-headers-4.15.0-43-generic,System,Base OS,,,,,,,
linux-headers-4.15.0-45,System,Base OS,,,,,,,
linux-headers-4.15.0-45-generic,System,Base OS,,,,,,,
linux-headers-4.4.0-137,System,Base OS,,,,,,,
linux-headers-4.4.0-137-generic,System,Base OS,,,,,,,
linux-headers-generic,System,Base OS,,,,,,,
linux-headers-generic-hwe-16.04,System,Base OS,mirror,,,4.15.0.36.59,4.15.0.43.64,,
linux-headers-virtual-hwe-16.04,System,Base OS,mirror,,,4.15.0.36.59,4.15.0.43.64,,
linux-image-4.15.0-36-generic,System,Base OS,,,,,,,
linux-image-4.15.0-43-generic,System,Base OS,,,,,,,
linux-image-4.15.0-45-generic,System,Base OS,,,,,,,
linux-image-4.4.0-130-generic,System,Base OS,,,,,,,
linux-image-4.4.0-137-generic,System,Base OS,,,,,,,
linux-image-extra-4.4.0-130-generic,System,Base OS,,,,,,,
linux-image-extra-4.4.0-137-generic,System,Base OS,,,,,,,
linux-image-extra-virtual,System,Base OS,,,,,,,
linux-image-extra-virtual-hwe-16.04,System,Base OS,mirror,,,4.15.0.36.59,4.15.0.43.64,,
linux-image-extra-virtual-lts-xenial,System,Base OS,,,,,,,
linux-image-generic,System,Base OS,,,,,,,
linux-image-generic-hwe-16.04,System,Base OS,mirror,,,4.15.0.36.59,4.15.0.43.64,,
linux-image-virtual,System,Base OS,,,,,,,
linux-image-virtual-hwe-16.04,System,Base OS,mirror,,,4.15.0.36.59,4.15.0.43.64,,
linux-image-virtual-lts-xenial,System,Base OS,,,,,,,
linux-libc-dev,System,Base OS,,,,,,,
linux-modules-4.15.0-36-generic,System,Base OS,,,,,,,
linux-modules-4.15.0-43-generic,System,Base OS,,,,,,,
linux-modules-4.15.0-45-generic,System,Base OS,,,,,,,
linux-modules-extra-4.15.0-36-generic,System,Base OS,,,,,,,
linux-modules-extra-4.15.0-43-generic,System,Base OS,,,,,,,
linux-modules-extra-4.15.0-45-generic,System,Base OS,,,,,,,
linux-signed-generic,System,Base OS,,,,,,,
linux-signed-generic-hwe-16.04,System,Base OS,mirror,,,4.15.0.36.59,4.15.0.43.64,,
linux-signed-image-4.4.0-137-generic,System,Base OS,,,,,,,
linux-signed-image-generic,System,Base OS,,,,,,,
locales,,,,,,,,,
login,,,,,,,,,
logrotate,,,,,,,,,
lsb-base,,,,,,,,,
lsb-release,,,,,,,,,
lshw,,,,,,,,,
lsof,,,,,,,,,
lsscsi,,,,,,,,,
ltrace,,,,,,,,,
lvm2,,,,,,,,,
lxc-common,,,,,,,,,
lxcfs,,,,,,,,,
lxd,,,,,,,,,
lxd-client,,,,,,,,,
lzop,,,,,,,,,
maas-cli,DriveTrain,MAAS,mirror,,,2.3.5,2.3.5,,
maas-common,DriveTrain,MAAS,mirror,,,2.3.5,2.3.5,,
maas-dhcp,DriveTrain,MAAS,mirror,,,2.3.5,2.3.5,,
maas-dns,DriveTrain,MAAS,mirror,,,2.3.5,2.3.5,,
maas-proxy,DriveTrain,MAAS,mirror,,,2.3.5,2.3.5,,
maas-rack-controller,DriveTrain,MAAS,mirror,,,2.3.5,2.3.5,,
maas-region-api,DriveTrain,MAAS,mirror,,,2.3.5,2.3.5,,
maas-region-controller,DriveTrain,MAAS,mirror,,,2.3.5,2.3.5,,
make,,,,,,,,,
makedev,,,,,,,,,
man-db,,,,,,,,,
manpages,,,,,,,,,
mawk,,,,,,,,,
mc,,,,,,,,,
mc-data,,,,,,,,,
mcelog,,,,,,,,,
mdadm,,,,,,,,,
memcached,,,,,,,,,
memtest86+,,,,,,,,,
mime-support,,,,,,,,,
minicom,,,,,,,,,
mlocate,,,,,,,,,
mongodb,StackLight LMA,MongoDB,mirror,,,2.6.10,2.6.10,,
mongodb-clients,StackLight LMA,MongoDB,mirror,,,2.6.10,2.6.10,,
mongodb-server,StackLight LMA,MongoDB,mirror,,,2.6.10,2.6.10,,
mount,,,,,,,,,
mtools,,,,,,,,,
mtr-tiny,,,,,,,,,
multiarch-support,,,,,,,,,
mysql-client,System,MySQL,mirror,,,5.6.35,5.6.35-0.1~u16.04+mcp2 [5],,
mysql-common,System,MySQL,,,,,,,
mysql-wsrep-5.6,System,MySQL,mirror,,,5.6.35,5.6.35-0.1~u16.04+mcp2 [5],,
mysql-wsrep-client-5.6,System,MySQL,mirror,,,5.6.35,5.6.35-0.1~u16.04+mcp2 [5],,
mysql-wsrep-common-5.6,System,MySQL,mirror,,,5.6.35,5.6.35-0.1~u16.04+mcp2 [5],,
mysql-wsrep-libmysqlclient18,System,MySQL,mirror,,,5.6.35,5.6.35-0.1~u16.04+mcp2 [5],,
mysql-wsrep-server-5.6,System,MySQL,mirror,,,5.6.35,5.6.35-0.1~u16.04+mcp2 [5],,
nano,,,,,,,,,
ncurses-base,,,,,,,,,
ncurses-bin,,,,,,,,,
ncurses-term,,,,,,,,,
net-tools,,,,,,,,,
netbase,,,,,,,,,
netcat-openbsd,,,,,,,,,
netfilter-persistent,,,,,,,,,
neutron-common,OpenStack Networking,Neutron,mirantis,Queens,,12.0.5-5~u16.04+mcp62,2:12.0.5-5~u16.04+mcp93 [5],,
neutron-dhcp-agent,OpenStack Networking,Neutron,mirantis,Queens,,12.0.5-5~u16.04+mcp62,2:12.0.5-5~u16.04+mcp93 [5],,
neutron-l3-agent,OpenStack Networking,Neutron,mirantis,Queens,,12.0.5-5~u16.04+mcp62,2:12.0.5-5~u16.04+mcp93 [5],,
neutron-metadata-agent,OpenStack Networking,Neutron,mirantis,Queens,,12.0.5-5~u16.04+mcp62,2:12.0.5-5~u16.04+mcp93 [5],,
neutron-openvswitch-agent,OpenStack Networking,Neutron,mirantis,Queens,,12.0.5-5~u16.04+mcp62,2:12.0.5-5~u16.04+mcp93 [5],,
neutron-plugin-ml2,OpenStack Networking,Neutron,mirantis,Queens,,12.0.5-5~u16.04+mcp62,2:12.0.5-5~u16.04+mcp93 [5],,
neutron-server,OpenStack Networking,Neutron,mirantis,Queens,,12.0.5-5~u16.04+mcp62,2:12.0.5-5~u16.04+mcp93 [5],,
nginx,System,NGINX,mirror,,,1.10.3,1.10.3,,
nginx-common,System,NGINX,mirror,,,1.10.3,1.10.3,,
nginx-core,System,NGINX,mirror,,,1.10.3,1.10.3,,
nova-api,OpenStack,Nova,mirantis,Queens,,17.0.7-6~u16.01+mcp90,2:17.0.9-6~u16.01+mcp93 [5],,
nova-common,OpenStack,Nova,mirantis,Queens,,17.0.7-6~u16.01+mcp90,2:17.0.9-6~u16.01+mcp93 [5],,
nova-compute,OpenStack,Nova,mirantis,Queens,,17.0.7-6~u16.01+mcp90,2:17.0.9-6~u16.01+mcp93 [5],,
nova-compute-kvm,OpenStack,Nova,mirantis,Queens,,17.0.7-6~u16.01+mcp90,2:17.0.9-6~u16.01+mcp93 [5],,
nova-conductor,OpenStack,Nova,mirantis,Queens,,17.0.7-6~u16.01+mcp90,2:17.0.9-6~u16.01+mcp93 [5],,
nova-consoleauth,OpenStack,Nova,mirantis,Queens,,17.0.7-6~u16.01+mcp90,2:17.0.9-6~u16.01+mcp93 [5],,
nova-consoleproxy,OpenStack,Nova,mirantis,Queens,,17.0.7-6~u16.01+mcp90,2:17.0.9-6~u16.01+mcp93 [5],,
nova-doc,OpenStack,Nova,mirantis,Queens,,17.0.7-6~u16.01+mcp90,2:17.0.9-6~u16.01+mcp93 [5],,
nova-placement-api,OpenStack,Nova,mirantis,Queens,,17.0.7-6~u16.01+mcp90,2:17.0.9-6~u16.01+mcp93 [5],,
nova-scheduler,OpenStack,Nova,mirantis,Queens,,17.0.7-6~u16.01+mcp90,2:17.0.9-6~u16.01+mcp93 [5],,
novnc,,,,,,,,,
ntfs-3g,,,,,,,,,
ntp,,,,,,,,,
nvme-cli,,,,,,,,,
octavia-api,OpenStack Networking,Octavia,mirantis,Queens,,2.0.2-6~u16.04+mcp62,2.0.2-6~u16.04+mcp69 [5],,
octavia-common,OpenStack Networking,Octavia,mirantis,Queens,,2.0.2-6~u16.04+mcp62,2.0.2-6~u16.04+mcp69 [5],,
octavia-health-manager,OpenStack Networking,Octavia,mirantis,Queens,,2.0.2-6~u16.04+mcp62,2.0.2-6~u16.04+mcp69 [5],,
octavia-housekeeping,OpenStack Networking,Octavia,mirantis,Queens,,2.0.2-6~u16.04+mcp62,2.0.2-6~u16.04+mcp69 [5],,
octavia-worker,OpenStack Networking,Octavia,mirantis,Queens,,2.0.2-6~u16.04+mcp62,2.0.2-6~u16.04+mcp69 [5],,
open-iscsi,,,,,,,,,
open-vm-tools,,,,,,,,,
openipmi,,,,,,,,,
openjdk-8-jdk-headless,System,Java,,,,,,,
openjdk-8-jre,System,Java,,,,,,,
openjdk-8-jre-headless,System,Java,,,,,,,
openssh-client,System,SSH,,,,,,,
openssh-server,System,SSH,,,,,,,
openssh-sftp-server,System,SSH,,,,,,,
openssl,System,SSL,,,,,,,
openstack-dashboard,OpenStack,Horizon,mirantis,Queens,,13.0.1-9~u16.04+mcp,3:13.0.1-10~u16.04+mcp70 [5],,
openvswitch-common,System,Open vSwitch,mirantis,,,,,,
openvswitch-switch,System,Open vSwitch,mirantis,,,,,,
os-brick-common,,,,,,,,,
os-prober,,,,,,,,,
overlayroot,,,,,,,,,
p7zip,,,,,,,,,
parted,,,,,,,,,
passwd,,,,,,,,,
pastebinit,,,,,,,,,
patch,,,,,,,,,
pciutils,,,,,,,,,
percona-xtrabackup,,,,,,,,,
perl,,,,,,,,,
perl-base,,,,,,,,,
perl-modules-5.22,,,,,,,,,
pkg-config,,,,,,,,,
plotnetcfg,,,,,,,,,
plymouth,,,,,,,,,
plymouth-theme-ubuntu-text,,,,,,,,,
pm-utils,,,,,,,,,
policykit-1,,,,,,,,,
pollinate,,,,,,,,,
popularity-contest,,,,,,,,,
postfix,,,,,,,,,
postgresql,System,PostgreSQL,,,,,,,
postgresql-9.5,System,PostgreSQL,,,,,,,
postgresql-client-9.5,System,PostgreSQL,,,,,,,
postgresql-client-common,System,PostgreSQL,,,,,,,
postgresql-common,System,PostgreSQL,,,,,,,
postgresql-contrib-9.5,System,PostgreSQL,,,,,,,
postgresql-doc-9.5,System,PostgreSQL,,,,,,,
powermgmt-base,,,,,,,,,
procps,,,,,,,,,
prometheus-bin,StackLight LMA,Prometheus,mirror,,,2.2.1,2.5.0,,
prometheus-relay,,,,,,,,,
psmisc,,,,,,,,,
pxelinux,,,,,,,,,
pycadf-common,,,,,,,,,
python,,,,,,,,,
python-alabaster,,,,,,,,,
python-alembic,,,,,,,,,
python-amqp,,,,,,,,,
python-anyjson,,,,,,,,,
python-aodhclient,,,,,,,,,
python-appdirs,,,,,,,,,
python-apt,,,,,,,,,
python-apt-common,,,,,,,,,
python-asn1crypto,,,,,,,,,
python-automaton,,,,,,,,,
python-babel,,,,,,,,,
python-babel-localedata,,,,,,,,,
python-backports-abc,,,,,,,,,
python-backports.ssl-match-hostname,,,,,,,,,
python-barbicanclient,,,,,,,,,
python-bcrypt,,,,,,,,,
python-blinker,,,,,,,,,
python-boto,,,,,,,,,
python-bs4,,,,,,,,,
python-bson,,,,,,,,,
python-cachetools,,,,,,,,,
python-castellan,,,,,,,,,
python-ceilometerclient,,,,,,,,,
python-cephfs,Distributed storage,Ceph,mirantis,,,12.2.8-1~u16.04+mcp142,12.2.8-1~u16.04+mcp142,,
python-certifi,,,,,,,,,
python-cffi,,,,,,,,,
python-cffi-backend,,,,,,,,,
python-chardet,,,,,,,,,
python-cherrypy3,,,,,,,,,
python-cinder,,,,,,,,,
python-cinderclient,,,,,,,,,
python-cliff,,,,,,,,,
python-cmd2,,,,,,,,,
python-concurrent.futures,,,,,,,,,
python-contextlib2,,,,,,,,,
python-cotyledon,,,,,,,,,
python-croniter,,,,,,,,,
python-crypto,,,,,,,,,
python-cryptography,,,,,,,,,
python-csscompressor,,,,,,,,,
python-cursive,,,,,,,,,
python-dateutil,,,,,,,,,
python-dbus,,,,,,,,,
python-debtcollector,,,,,,,,,
python-decorator,,,,,,,,,
python-defusedxml,,,,,,,,,
python-deprecation,,,,,,,,,
python-designateclient,,,,,,,,,
python-dib-utils,,,,,,,,,
python-diskimage-builder,,,,,,,,,
python-django,,,,,,,,,
python-django-appconf,,,,,,,,,
python-django-babel,,,,,,,,,
python-django-common,,,,,,,,,
python-django-compressor,,,,,,,,,
python-django-horizon,OpenStack,Horizon,mirantis,Queens,,13.0.1-9~u16.04+mcp,3:13.0.1-10~u16.04+mcp70 [5],,
python-django-pyscss,,,,,,,,,
python-dnspython,,,,,,,,,
python-docker,,,,,,,,,
python-docutils,,,,,,,,,
python-dogpile.cache,,,,,,,,,
python-elasticsearch,,,,,,,,,
python-enum34,,,,,,,,,
python-eventlet,,,,,,,,,
python-extras,,,,,,,,,
python-fasteners,,,,,,,,,
python-fixtures,,,,,,,,,
python-flask,,,,,,,,,
python-fluent-logger,,,,,,,,,
python-formencode,,,,,,,,,
python-funcsigs,,,,,,,,,
python-functools32,,,,,,,,,
python-futurist,,,,,,,,,
python-gerritlib,,,,,,,,,
python-github,,,,,,,,,
python-glance,OpenStack,Glance,mirantis,Queens,,16.0.1-2~u16.04+mcp21,2:16.0.1-2~u16.04+mcp23,,
python-glance-store,OpenStack,Glance,,,,,,,
python-glanceclient,OpenStack,Glance,,,,,,,
python-gnocchiclient,,,,,,,,,
python-googleapi,,,,,,,,,
python-greenlet,,,,,,,,,
python-guestfs,,,,,,,,,
python-gunicorn,,,,,,,,,
python-heat,OpenStack,Heat,mirantis,Queens,,10.0.2-1.0~u16.04+mcp37,1:10.0.2-1.0~u16.04+mcp54 [5],,
python-heat-dashboard,,,,,,,,,
python-heatclient,,,,,,,,,
python-httplib2,,,,,,,,,
python-idna,,,,,,,,,
python-imagesize,,,,,,,,,
python-ipaddr,,,,,,,,,
python-ipaddress,,,,,,,,,
python-iso8601,,,,,,,,,
python-itsdangerous,,,,,,,,,
python-jenkins,,,,,,,,,
python-jinja2,,,,,,,,,
python-jmespath,,,,,,,,,
python-json-pointer,,,,,,,,,
python-jsonpatch,,,,,,,,,
python-jsonschema,,,,,,,,,
python-jwt,,,,,,,,,
python-kazoo,,,,,,,,,
python-keyring,,,,,,,,,
python-keystone,OpenStack,Keystone,mirantis,Queens,,13.0.1-3~u16.04+mcp18,2:13.0.2-3~u16.04+mcp15,,
python-keystoneauth1,,,,,,,,,
python-keystoneclient,,,,,,,,,
python-keystonemiddleware,,,,,,,,,
python-kombu,,,,,,,,,
python-ldap,,,,,,,,,
python-ldappool,,,,,,,,,
python-lesscpy,,,,,,,,,
python-libvirt,,,,,,,,,
python-linecache2,,,,,,,,,
python-logutils,,,,,,,,,
python-lxml,,,,,,,,,
python-m2crypto,,,,,,,,,
python-magnumclient,,,,,,,,,
python-mako,,,,,,,,,
python-manilaclient,,,,,,,,,
python-markupsafe,,,,,,,,,
python-memcache,,,,,,,,,
python-microversion-parse,,,,,,,,,
python-migrate,,,,,,,,,
python-mimeparse,,,,,,,,,
python-minimal,,,,,,,,,
python-mistralclient,,,,,,,,,
python-mock,,,,,,,,,
python-monascaclient,,,,,,,,,
python-monotonic,,,,,,,,,
python-msgpack,,,,,,,,,
python-multi-key-dict,,,,,,,,,
python-munch,,,,,,,,,
python-mysqldb,,,,,,,,,
python-ndg-httpsclient,,,,,,,,,
python-netaddr,,,,,,,,,
python-netifaces,,,,,,,,,
python-networkx,,,,,,,,,
python-neutron,OpenStack Networking,Neutron,mirantis,Queens,,12.0.5-5~u16.04+mcp62,2:12.0.5-5~u16.04+mcp93 [5],,
python-neutron-fwaas,,,,,,,,,
python-neutron-lbaas,,,,,,,,,
python-neutron-lib,,,,,,,,,
python-neutronclient,,,,,,,,,
python-nova,OpenStack,Nova,mirantis,Queens,,17.0.7-6~u16.01+mcp90,2:17.0.9-6~u16.01+mcp93 [5],,
python-novaclient,,,,,,,,,
python-novnc,,,,,,,,,
python-numpy,,,,,,,,,
python-oauth,,,,,,,,,
python-oauth2client,,,,,,,,,
python-oauthlib,,,,,,,,,
python-octavia,OpenStack Networking,Octavia,mirantis,Queens,,2.0.2-6~u16.04+mcp62,2.0.2-6~u16.04+mcp69 [5],,
python-octavia-dashboard,,,,,,,,,
python-octaviaclient,,,,,,,,,
python-openssl,,,,,,,,,
python-openstackclient,OpenStack,Other,,,,,,,
python-openstacksdk,OpenStack,Other,,,,,,,
python-openvswitch,System,Open vSwitch,mirantis,,,2.8.0-4~u16.04+mcp1,2.8.0-4~u16.04+mcp1,,
python-os-brick,,,,,,,,,
python-os-client-config,,,,,,,,,
python-os-service-types,,,,,,,,,
python-os-traits,,,,,,,,,
python-os-vif,,,,,,,,,
python-os-win,,,,,,,,,
python-os-xenapi,,,,,,,,,
python-osc-lib,,,,,,,,,
python-oslo.cache,,,,,,,,,
python-oslo.concurrency,,,,,,,,,
python-oslo.config,,,,,,,,,
python-oslo.context,,,,,,,,,
python-oslo.db,,,,,,,,,
python-oslo.i18n,,,,,,,,,
python-oslo.log,,,,,,,,,
python-oslo.messaging,,,,,,,,,
python-oslo.middleware,,,,,,,,,
python-oslo.policy,,,,,,,,,
python-oslo.privsep,,,,,,,,,
python-oslo.reports,,,,,,,,,
python-oslo.rootwrap,,,,,,,,,
python-oslo.serialization,,,,,,,,,
python-oslo.service,,,,,,,,,
python-oslo.utils,,,,,,,,,
python-oslo.versionedobjects,,,,,,,,,
python-oslo.vmware,,,,,,,,,
python-osprofiler,,,,,,,,,
python-ovsdbapp,,,,,,,,,
python-paramiko,,,,,,,,,
python-passlib,,,,,,,,,
python-paste,,,,,,,,,
python-pastedeploy,,,,,,,,,
python-pastedeploy-tpl,,,,,,,,,
python-pathlib,,,,,,,,,
python-pbr,,,,,,,,,
python-pecan,,,,,,,,,
python-pika,,,,,,,,,
python-pika-pool,,,,,,,,,
python-pint,,,,,,,,,
python-pip,,,,,,,,,
python-pip-whl,,,,,,,,,
python-pkg-resources,,,,,,,,,
python-pkginfo,,,,,,,,,
python-ply,,,,,,,,,
python-positional,,,,,,,,,
python-posix-ipc,,,,,,,,,
python-prettytable,,,,,,,,,
python-psutil,,,,,,,,,
python-psycopg2,,,,,,,,,
python-pyasn1,,,,,,,,,
python-pyasn1-modules,,,,,,,,,
python-pycadf,,,,,,,,,
python-pycparser,,,,,,,,,
python-pycurl,,,,,,,,,
python-pygerrit2,,,,,,,,,
python-pygments,,,,,,,,,
python-pyinotify,,,,,,,,,
python-pyldap,,,,,,,,,
python-pymemcache,,,,,,,,,
python-pymongo,,,,,,,,,
python-pymysql,,,,,,,,,
python-pyparsing,,,,,,,,,
python-pypowervm,,,,,,,,,
python-pyroute2,,,,,,,,,
python-pyrss2gen,,,,,,,,,
python-pysaml2,,,,,,,,,
python-pyscss,,,,,,,,,
python-rados,Distributed storage,Ceph,mirantis,,,12.2.8-1~u16.04+mcp142,12.2.8-1~u16.04+mcp142,,
python-rbd,Distributed storage,Ceph,mirantis,,,12.2.8-1~u16.04+mcp142,12.2.8-1~u16.04+mcp142,,
python-rcssmin,,,,,,,,,
python-reclass,DriveTrain,Reclass,,,,1.5.1-1tcp4,1.5.6-1.0~u16.04+mcp0,,
python-redis,,,,,,,,,
python-repoze.lru,,,,,,,,,
python-requests,,,,,,,,,
python-requestsexceptions,,,,,,,,,
python-retrying,,,,,,,,,
python-rfc3986,,,,,,,,,
python-rgw,Distributed storage,Ceph,mirantis,,,12.2.8-1~u16.04+mcp142,12.2.8-1~u16.04+mcp142,,
python-rjsmin,,,,,,,,,
python-roman,,,,,,,,,
python-routes,,,,,,,,,
python-rsa,,,,,,,,,
python-rtslib-fb,,,,,,,,,
python-ryu,,,,,,,,,
python-saharaclient,,,,,,,,,
python-scrypt,,,,,,,,,
python-semantic-version,,,,,,,,,
python-senlinclient,,,,,,,,,
python-setproctitle,,,,,,,,,
python-setuptools,,,,,,,,,
python-simplegeneric,,,,,,,,,
python-simplejson,,,,,,,,,
python-singledispatch,,,,,,,,,
python-six,,,,,,,,,
python-sphinx,,,,,,,,,
python-sqlalchemy,,,,,,,,,
python-sqlparse,,,,,,,,,
python-statsd,,,,,,,,,
python-stevedore,,,,,,,,,
python-subunit,,,,,,,,,
python-suds,,,,,,,,,
python-swiftclient,,,,,,,,,
python-systemd,,,,,,,,,
python-taskflow,,,,,,,,,
python-tempita,,,,,,,,,
python-tenacity,,,,,,,,,
python-testtools,,,,,,,,,
python-tinyrpc,,,,,,,,,
python-tooz,,,,,,,,,
python-tornado,,,,,,,,,
python-traceback2,,,,,,,,,
python-troveclient,,,,,,,,,
python-typing,,,,,,,,,
python-tz,,,,,,,,,
python-ujson,,,,,,,,,
python-unicodecsv,,,,,,,,,
python-unittest2,,,,,,,,,
python-uritemplate,,,,,,,,,
python-urllib3,,,,,,,,,
python-vine,,,,,,,,,
python-voluptuous,,,,,,,,,
python-waitress,,,,,,,,,
python-warlock,,,,,,,,,
python-weakrefmethod,,,,,,,,,
python-webob,,,,,,,,,
python-websocket,,,,,,,,,
python-websockify,,,,,,,,,
python-webtest,,,,,,,,,
python-werkzeug,,,,,,,,,
python-wrapt,,,,,,,,,
python-wsme,,,,,,,,,
python-xstatic,,,,,,,,,
python-xstatic-angular,,,,,,,,,
python-xstatic-angular-bootstrap,,,,,,,,,
python-xstatic-angular-fileupload,,,,,,,,,
python-xstatic-angular-gettext,,,,,,,,,
python-xstatic-angular-lrdragndrop,,,,,,,,,
python-xstatic-angular-schema-form,,,,,,,,,
python-xstatic-bootstrap-datepicker,,,,,,,,,
python-xstatic-bootstrap-scss,,,,,,,,,
python-xstatic-bootswatch,,,,,,,,,
python-xstatic-d3,,,,,,,,,
python-xstatic-font-awesome,,,,,,,,,
python-xstatic-hogan,,,,,,,,,
python-xstatic-jasmine,,,,,,,,,
python-xstatic-jquery,,,,,,,,,
python-xstatic-jquery-migrate,,,,,,,,,
python-xstatic-jquery-ui,,,,,,,,,
python-xstatic-jquery.quicksearch,,,,,,,,,
python-xstatic-jquery.tablesorter,,,,,,,,,
python-xstatic-jsencrypt,,,,,,,,,
python-xstatic-magic-search,,,,,,,,,
python-xstatic-mdi,,,,,,,,,
python-xstatic-objectpath,,,,,,,,,
python-xstatic-rickshaw,,,,,,,,,
python-xstatic-roboto-fontface,,,,,,,,,
python-xstatic-smart-table,,,,,,,,,
python-xstatic-spin,,,,,,,,,
python-xstatic-term.js,,,,,,,,,
python-xstatic-tv4,,,,,,,,,
python-yaml,,,,,,,,,
python-yaql,,,,,,,,,
python-zake,,,,,,,,,
python-zaqarclient,,,,,,,,,
python-zmq,,,,,,,,,
python-zope.interface,,,,,,,,,
python-zunclient,,,,,,,,,
python2.7,,,,,,,,,
python2.7-minimal,,,,,,,,,
python3,,,,,,,,,
python3-alabaster,,,,,,,,,
python3-apport,,,,,,,,,
python3-apt,,,,,,,,,
python3-asn1crypto,,,,,,,,,
python3-attr,,,,,,,,,
python3-babel,,,,,,,,,
python3-blinker,,,,,,,,,
python3-bson,,,,,,,,,
python3-certifi,,,,,,,,,
python3-cffi,,,,,,,,,
python3-cffi-backend,,,,,,,,,
python3-chardet,,,,,,,,,
python3-commandnotfound,,,,,,,,,
python3-configobj,,,,,,,,,
python3-convoy,,,,,,,,,
python3-crochet,,,,,,,,,
python3-crypto,,,,,,,,,
python3-cryptography,,,,,,,,,
python3-curtin,,,,,,,,,
python3-dbus,,,,,,,,,
python3-debian,,,,,,,,,
python3-distro-info,,,,,,,,,
python3-distupgrade,,,,,,,,,
python3-django,,,,,,,,,
python3-django-maas,,,,,,,,,
python3-django-piston3,,,,,,,,,
python3-djorm-ext-pgarray,,,,,,,,,
python3-dnspython,,,,,,,,,
python3-docutils,,,,,,,,,
python3-ecdsa,,,,,,,,,
python3-extras,,,,,,,,,
python3-fixtures,,,,,,,,,
python3-formencode,,,,,,,,,
python3-gdbm,,,,,,,,,
python3-gi,,,,,,,,,
python3-httplib2,,,,,,,,,
python3-idna,,,,,,,,,
python3-imagesize,,,,,,,,,
python3-iso8601,,,,,,,,,
python3-jinja2,,,,,,,,,
python3-json-pointer,,,,,,,,,
python3-jsonpatch,,,,,,,,,
python3-jsonschema,,,,,,,,,
python3-jwt,,,,,,,,,
python3-linecache2,,,,,,,,,
python3-lxml,,,,,,,,,
python3-maas-client,,,,,,,,,
python3-maas-provisioningserver,,,,,,,,,
python3-markupsafe,,,,,,,,,
python3-mimeparse,,,,,,,,,
python3-minimal,,,,,,,,,
python3-netaddr,,,,,,,,,
python3-netifaces,,,,,,,,,
python3-newt,,,,,,,,,
python3-oauth,,,,,,,,,
python3-oauthlib,,,,,,,,,
python3-openssl,,,,,,,,,
python3-paramiko,,,,,,,,,
python3-pbr,,,,,,,,,
python3-petname,,,,,,,,,
python3-pexpect,,,,,,,,,
python3-pkg-resources,,,,,,,,,
python3-ply,,,,,,,,,
python3-prettytable,,,,,,,,,
python3-problem-report,,,,,,,,,
python3-psycopg2,,,,,,,,,
python3-ptyprocess,,,,,,,,,
python3-pyasn1,,,,,,,,,
python3-pyasn1-modules,,,,,,,,,
python3-pycparser,,,,,,,,,
python3-pycurl,,,,,,,,,
python3-pygments,,,,,,,,,
python3-pyparsing,,,,,,,,,
python3-pyvmomi,,,,,,,,,
python3-requests,,,,,,,,,
python3-roman,,,,,,,,,
python3-seamicroclient,,,,,,,,,
python3-serial,,,,,,,,,
python3-service-identity,,,,,,,,,
python3-simplejson,,,,,,,,,
python3-simplestreams,,,,,,,,,
python3-six,,,,,,,,,
python3-software-properties,,,,,,,,,
python3-sphinx,,,,,,,,,
python3-sphinx-rtd-theme,,,,,,,,,
python3-subunit,,,,,,,,,
python3-systemd,,,,,,,,,
python3-tempita,,,,,,,,,
python3-testtools,,,,,,,,,
python3-traceback2,,,,,,,,,
python3-twisted,,,,,,,,,
python3-txtftp,,,,,,,,,
python3-tz,,,,,,,,,
python3-unittest2,,,,,,,,,
python3-update-manager,,,,,,,,,
python3-urllib3,,,,,,,,,
python3-virtualenv,,,,,,,,,
python3-yaml,,,,,,,,,
python3-zope.interface,,,,,,,,,
python3.5,,,,,,,,,
python3.5-minimal,,,,,,,,,
qemu-block-extra,Hypervisors,qemu,mirantis,,,2.11+dfsg-1.4~u16.04+mcp2,1:2.11+dfsg-1.4~u16.04+mcp2,,
qemu-kvm,Hypervisors,qemu,mirantis,,,2.11+dfsg-1.4~u16.04+mcp2,1:2.11+dfsg-1.4~u16.04+mcp2,,
qemu-system-common,Hypervisors,qemu,mirantis,,,2.11+dfsg-1.4~u16.04+mcp2,1:2.11+dfsg-1.4~u16.04+mcp2,,
qemu-system-x86,Hypervisors,qemu,mirantis,,,2.11+dfsg-1.4~u16.04+mcp2,1:2.11+dfsg-1.4~u16.04+mcp2,,
qemu-utils,Hypervisors,qemu,mirantis,,,2.11+dfsg-1.4~u16.04+mcp2,1:2.11+dfsg-1.4~u16.04+mcp2,,
rabbitmq-server,System,RabbitMQ,mirantis,,,3.6.15-3~u16.04+mcp1,3.6.15-3~u16.04+mcp1,,
radosgw,Distributed storage,Ceph,mirantis,,,12.2.8-1~u16.04+mcp142,12.2.8-1~u16.04+mcp142,,
radvd,,,,,,,,,
rake,,,,,,,,,
readline-common,,,,,,,,,
reclass,,,,,,,,,
rename,,,,,,,,,
resolvconf,,,,,,,,,
rsync,,,,,,,,,
rsyslog,,,,,,,,,
ruby,System,Ruby,,,,,,,
ruby-did-you-mean,System,Ruby,,,,,,,
ruby-minitest,System,Ruby,,,,,,,
ruby-net-telnet,System,Ruby,,,,,,,
ruby-power-assert,System,Ruby,,,,,,,
ruby-test-unit,System,Ruby,,,,,,,
ruby2.3,System,Ruby,,,,,,,
rubygems-integration,,,,,,,,,
run-one,,,,,,,,,
s-nail,,,,,,,,,
salt-api,DriveTrain,SaltStack,mirror,,2017.7.7,2017.7.7,2017.7.8,,
salt-common,DriveTrain,SaltStack,mirror,,2017.7.7,2017.7.7,2017.7.8,,
salt-formula-aodh,DriveTrain,Salt Formulas,mirantis,,,,,,
salt-formula-apache,DriveTrain,Salt Formulas,mirantis,,,,,,
salt-formula-aptcacher,DriveTrain,Salt Formulas,mirantis,,,,,,
salt-formula-aptly,DriveTrain,Salt Formulas,mirantis,,,,,,
salt-formula-artifactory,DriveTrain,Salt Formulas,mirantis,,,,,,
salt-formula-auditd,DriveTrain,Salt Formulas,mirantis,,,,,,
salt-formula-avinetworks,DriveTrain,Salt Formulas,mirantis,,,,,,
salt-formula-backupninja,DriveTrain,Salt Formulas,mirantis,,,,,,
salt-formula-barbican,DriveTrain,Salt Formulas,mirantis,,,,,,
salt-formula-baremetal-simulator,DriveTrain,Salt Formulas,mirantis,,,,,,
salt-formula-billometer,DriveTrain,Salt Formulas,mirantis,,,,,,
salt-formula-bind,DriveTrain,Salt Formulas,mirantis,,,,,,
salt-formula-bird,DriveTrain,Salt Formulas,mirantis,,,,,,
salt-formula-cadf,DriveTrain,Salt Formulas,mirantis,,,,,,
salt-formula-cassandra,DriveTrain,Salt Formulas,mirantis,,,,,,
salt-formula-ccp,DriveTrain,Salt Formulas,mirantis,,,,,,
salt-formula-ceilometer,DriveTrain,Salt Formulas,mirantis,,,,,,
salt-formula-ceph,DriveTrain,Salt Formulas,mirantis,,,,,,
salt-formula-chrony,DriveTrain,Salt Formulas,mirantis,,,,,,
salt-formula-cinder,DriveTrain,Salt Formulas,mirantis,,,,,,
salt-formula-collectd,DriveTrain,Salt Formulas,mirantis,,,,,,
salt-formula-debmirror,DriveTrain,Salt Formulas,mirantis,,,,,,
salt-formula-decapod,DriveTrain,Salt Formulas,mirantis,,,,,,
salt-formula-designate,DriveTrain,Salt Formulas,mirantis,,,,,,
salt-formula-devops-portal,DriveTrain,Salt Formulas,mirantis,,,,,,
salt-formula-docker,DriveTrain,Salt Formulas,mirantis,,,,,,
salt-formula-dogtag,DriveTrain,Salt Formulas,mirantis,,,,,,
salt-formula-dovecot,DriveTrain,Salt Formulas,mirantis,,,,,,
salt-formula-elasticsearch,DriveTrain,Salt Formulas,mirantis,,,,,,
salt-formula-etcd,DriveTrain,Salt Formulas,mirantis,,,,,,
salt-formula-fluentbit,DriveTrain,Salt Formulas,mirantis,,,,,,
salt-formula-fluentd,DriveTrain,Salt Formulas,mirantis,,,,,,
salt-formula-foreman,DriveTrain,Salt Formulas,mirantis,,,,,,
salt-formula-freeipa,DriveTrain,Salt Formulas,mirantis,,,,,,
salt-formula-galera,DriveTrain,Salt Formulas,mirantis,,,,,,
salt-formula-gerrit,DriveTrain,Salt Formulas,mirantis,,,,,,
salt-formula-git,DriveTrain,Salt Formulas,mirantis,,,,,,
salt-formula-gitlab,DriveTrain,Salt Formulas,mirantis,,,,,,
salt-formula-glance,DriveTrain,Salt Formulas,mirantis,,,,,,
salt-formula-glusterfs,DriveTrain,Salt Formulas,mirantis,,,,,,
salt-formula-gnocchi,DriveTrain,Salt Formulas,mirantis,,,,,,
salt-formula-grafana,DriveTrain,Salt Formulas,mirantis,,,,,,
salt-formula-graphite,DriveTrain,Salt Formulas,mirantis,,,,,,
salt-formula-haproxy,DriveTrain,Salt Formulas,mirantis,,,,,,
salt-formula-heat,DriveTrain,Salt Formulas,mirantis,,,,,,
salt-formula-heka,DriveTrain,Salt Formulas,mirantis,,,,,,
salt-formula-helm,DriveTrain,Salt Formulas,mirantis,,,,,,
salt-formula-horizon,DriveTrain,Salt Formulas,mirantis,,,,,,
salt-formula-influxdb,DriveTrain,Salt Formulas,mirantis,,,,,,
salt-formula-iptables,DriveTrain,Salt Formulas,mirantis,,,,,,
salt-formula-ironic,DriveTrain,Salt Formulas,mirantis,,,,,,
salt-formula-isc-dhcp,DriveTrain,Salt Formulas,mirantis,,,,,,
salt-formula-java,DriveTrain,Salt Formulas,mirantis,,,,,,
salt-formula-jenkins,DriveTrain,Salt Formulas,mirantis,,,,,,
salt-formula-kedb,DriveTrain,Salt Formulas,mirantis,,,,,,
salt-formula-keepalived,DriveTrain,Salt Formulas,mirantis,,,,,,
salt-formula-keycloak,DriveTrain,Salt Formulas,mirantis,,,,,,
salt-formula-keystone,DriveTrain,Salt Formulas,mirantis,,,,,,
salt-formula-kibana,DriveTrain,Salt Formulas,mirantis,,,,,,
salt-formula-kubernetes,DriveTrain,Salt Formulas,mirantis,,,,,,
salt-formula-letsencrypt,DriveTrain,Salt Formulas,mirantis,,,,,,
salt-formula-libvirt,DriveTrain,Salt Formulas,mirantis,,,,,,
salt-formula-linux,DriveTrain,Salt Formulas,mirantis,,,,,,
salt-formula-lldp,DriveTrain,Salt Formulas,mirantis,,,,,,
salt-formula-logrotate,DriveTrain,Salt Formulas,mirantis,,,,,,
salt-formula-maas,DriveTrain,Salt Formulas,mirantis,,,,,,
salt-formula-magnum,DriveTrain,Salt Formulas,mirantis,,,,,,
salt-formula-manila,DriveTrain,Salt Formulas,mirantis,,,,,,
salt-formula-memcached,DriveTrain,Salt Formulas,mirantis,,,,,,
salt-formula-midonet,DriveTrain,Salt Formulas,mirantis,,,,,,
salt-formula-mirascan,DriveTrain,Salt Formulas,mirantis,,,,,,
salt-formula-mongodb,DriveTrain,Salt Formulas,mirantis,,,,,,
salt-formula-murano,DriveTrain,Salt Formulas,mirantis,,,,,,
salt-formula-mysql,DriveTrain,Salt Formulas,mirantis,,,,,,
salt-formula-nagios,DriveTrain,Salt Formulas,mirantis,,,,,,
salt-formula-network,DriveTrain,Salt Formulas,mirantis,,,,,,
salt-formula-neutron,DriveTrain,Salt Formulas,mirantis,,,,,,
salt-formula-nfs,DriveTrain,Salt Formulas,mirantis,,,,,,
salt-formula-nginx,DriveTrain,Salt Formulas,mirantis,,,,,,
salt-formula-nodejs,DriveTrain,Salt Formulas,mirantis,,,,,,
salt-formula-nova,DriveTrain,Salt Formulas,mirantis,,,,,,
salt-formula-ntp,DriveTrain,Salt Formulas,mirantis,,,,,,
salt-formula-octavia,DriveTrain,Salt Formulas,mirantis,,,,,,
salt-formula-opencontrail,DriveTrain,Salt Formulas,mirantis,,,,,,
salt-formula-openldap,DriveTrain,Salt Formulas,mirantis,,,,,,
salt-formula-openssh,DriveTrain,Salt Formulas,mirantis,,,,,,
salt-formula-openvpn,DriveTrain,Salt Formulas,mirantis,,,,,,
salt-formula-openvstorage,DriveTrain,Salt Formulas,mirantis,,,,,,
salt-formula-oslo-templates,DriveTrain,Salt Formulas,mirantis,,,,,,
salt-formula-owncloud,DriveTrain,Salt Formulas,mirantis,,,,,,
salt-formula-panko,DriveTrain,Salt Formulas,mirantis,,,,,,
salt-formula-postfix,DriveTrain,Salt Formulas,mirantis,,,,,,
salt-formula-postgresql,DriveTrain,Salt Formulas,mirantis,,,,,,
salt-formula-powerdns,DriveTrain,Salt Formulas,mirantis,,,,,,
salt-formula-pritunl,DriveTrain,Salt Formulas,mirantis,,,,,,
salt-formula-prometheus,DriveTrain,Salt Formulas,mirantis,,,,,,
salt-formula-python,DriveTrain,Salt Formulas,mirantis,,,,,,
salt-formula-rabbitmq,DriveTrain,Salt Formulas,mirantis,,,,,,
salt-formula-reclass,DriveTrain,Salt Formulas,mirantis,,,,,,
salt-formula-redis,DriveTrain,Salt Formulas,mirantis,,,,,,
salt-formula-roundcube,DriveTrain,Salt Formulas,mirantis,,,,,,
salt-formula-rsync,DriveTrain,Salt Formulas,mirantis,,,,,,
salt-formula-rsyslog,DriveTrain,Salt Formulas,mirantis,,,,,,
salt-formula-rundeck,DriveTrain,Salt Formulas,mirantis,,,,,,
salt-formula-runtest,DriveTrain,Salt Formulas,mirantis,,,,,,
salt-formula-sahara,DriveTrain,Salt Formulas,mirantis,,,,,,
salt-formula-salt,DriveTrain,Salt Formulas,mirantis,,,,,,
salt-formula-sensu,DriveTrain,Salt Formulas,mirantis,,,,,,
salt-formula-sentry,DriveTrain,Salt Formulas,mirantis,,,,,,
salt-formula-shibboleth,DriveTrain,Salt Formulas,mirantis,,,,,,
salt-formula-sphinx,DriveTrain,Salt Formulas,mirantis,,,,,,
salt-formula-statsd,DriveTrain,Salt Formulas,mirantis,,,,,,
salt-formula-supervisor,DriveTrain,Salt Formulas,mirantis,,,,,,
salt-formula-swift,DriveTrain,Salt Formulas,mirantis,,,,,,
salt-formula-taiga,DriveTrain,Salt Formulas,mirantis,,,,,,
salt-formula-telegraf,DriveTrain,Salt Formulas,mirantis,,,,,,
salt-formula-tftpd-hpa,DriveTrain,Salt Formulas,mirantis,,,,,,
salt-formula-tinyproxy,DriveTrain,Salt Formulas,mirantis,,,,,,
salt-formula-varnish,DriveTrain,Salt Formulas,mirantis,,,,,,
salt-formula-watchdog,DriveTrain,Salt Formulas,mirantis,,,,,,
salt-formula-xtrabackup,DriveTrain,Salt Formulas,mirantis,,,,,,
salt-formula-zookeeper,DriveTrain,Salt Formulas,mirantis,,,,,,
salt-master,DriveTrain,SaltStack,mirror,,,2017.7.7,2017.7.8,,
salt-minion,DriveTrain,SaltStack,mirror,,,2017.7.7,2017.7.8,,
salt-pepper,DriveTrain,SaltStack,,,,,,,
sbsigntool,,,,,,,,,
screen,,,,,,,,,
scrub,,,,,,,,,
seabios,,,,,,,,,
sed,,,,,,,,,
sensible-utils,,,,,,,,,
sg3-utils,,,,,,,,,
sgml-base,,,,,,,,,
shared-mime-info,,,,,,,,,
smartmontools,,,,,,,,,
snapd,,,,,,,,,
snmp,,,,,,,,,
socat,,,,,,,,,
software-properties-common,,,,,,,,,
sosreport,,,,,,,,,
spawn-fcgi,,,,,,,,,
sphinx-common,,,,,,,,,
sphinx-rtd-theme-common,,,,,,,,,
spice-html5,,,,,,,,,
sqlite3,,,,,,,,,
squashfs-tools,,,,,,,,,
squid,,,,,,,,,
squid-common,,,,,,,,,
squid-langpack,,,,,,,,,
ssh-import-id,,,,,,,,,
ssl-cert,,,,,,,,,
strace,,,,,,,,,
subunit,,,,,,,,,
sudo,,,,,,,,,
supermin,,,,,,,,,
sysfsutils,,,,,,,,,
syslinux,,,,,,,,,
syslinux-common,,,,,,,,,
sysstat,,,,,,,,,
systemd,,,,,,,,,
systemd-sysv,,,,,,,,,
sysv-rc,,,,,,,,,
sysvinit-utils,,,,,,,,,
tar,,,,,,,,,
tcpd,,,,,,,,,
tcpdump,System,Networking,,,,,,,
td-agent,,,,,,,,,
td-agent-additional-plugins,,,,,,,,,
telegraf,StackLight LMA,Telegraf,,,,,,,
tgt,,,,,,,,,
thermald,,,,,,,,,
thin-provisioning-tools,,,,,,,,,
time,,,,,,,,,
tmux,,,,,,,,,
traceroute,,,,,,,,,
tree,,,,,,,,,
tzdata,,,,,,,,,
ubuntu-cloudimage-keyring,,,,,,,,,
ubuntu-core-launcher,,,,,,,,,
ubuntu-keyring,,,,,,,,,
ubuntu-minimal,,,,,,,,,
ubuntu-release-upgrader-core,,,,,,,,,
ubuntu-server,,,,,,,,,
ubuntu-standard,,,,,,,,,
ucf,,,,,,,,,
udev,,,,,,,,,
ufw,,,,,,,,,
uidmap,,,,,,,,,
unzip,,,,,,,,,
update-manager-core,,,,,,,,,
update-motd,,,,,,,,,
update-notifier-common,,,,,,,,,
ureadahead,,,,,,,,,
usbutils,,,,,,,,,
util-linux,,,,,,,,,
uuid-runtime,,,,,,,,,
vim,,,,,,,,,
vim-common,,,,,,,,,
vim-nox,,,,,,,,,
vim-runtime,,,,,,,,,
vim-tiny,,,,,,,,,
virt-what,,,,,,,,,
virtualenv,,,,,,,,,
vlan,,,,,,,,,
websockify,,,,,,,,,
websockify-common,,,,,,,,,
wget,,,,,,,,,
whiptail,,,,,,,,,
wireless-regdb,,,,,,,,,
x11-common,,,,,,,,,
xauth,,,,,,,,,
xdg-user-dirs,,,,,,,,,
xfsprogs,,,,,,,,,
xkb-data,,,,,,,,,
xml-core,,,,,,,,,
xmlsec1,,,,,,,,,
xz-utils,,,,,,,,,
zerofree,,,,,,,,,
zlib1g,,,,,,,,,
zlib1g-dev,,,,,,,,,